Excel Raw Data Export,,,,,,,,,,,,,,,,,,,,,,,,,,,,,,,,
Copyright (c) 2013 QIAGEN GmbH. All Rights Reserved.,,,,,,,,,,,,,,,,,,,,,,,,,,,,,,,,
File,Run 2024-03-29 71c OLAgen s315t pcr 2.rex,,,,,,,,,,,,,,,,,,,,,,,,,,,,,,,
Date,3/29/24,,,,,,,,,,,,,,,,,,,,,,,,,,,,,,,
Time,1:39:33 PM,,,,,,,,,,,,,,,,,,,,,,,,,,,,,,,
,,,,,,,,,,,,,,,,,,,,,,,,,,,,,,,,
Operator,djn,,,,,,,,,,,,,,,,,,,,,,,,,,,,,,,
Run Id,,,,,,,,,,,,,,,,,,,,,,,,,,,,,,,,
Notes,,,,,,,,,,,,,,,,,,,,,,,,,,,,,,,,
Machine Serial No,512168,,,,,,,,,,,,,,,,,,,,,,,,,,,,,,,
,,,,,,,,,,,,,,,,,,,,,,,,,,,,,,,,
Channel,Gain,,,,,,,,,,,,,,,,,,,,,,,,,,,,,,,
Green,5,,,,,,,,,,,,,,,,,,,,,,,,,,,,,,,
Yellow,5,,,,,,,,,,,,,,,,,,,,,,,,,,,,,,,
Orange,5,,,,,,,,,,,,,,,,,,,,,,,,,,,,,,,
Red,5,,,,,,,,,,,,,,,,,,,,,,,,,,,,,,,
Crimson,7,,,,,,,,,,,,,,,,,,,,,,,,,,,,,,,
HRM,7,,,,,,,,,,,,,,,,,,,,,,,,,,,,,,,
Green 2,7,,,,,,,,,,,,,,,,,,,,,,,,,,,,,,,
Green 3,9,,,,,,,,,,,,,,,,,,,,,,,,,,,,,,,
,,,,,,,,,,,,,,,,,,,,,,,,,,,,,,,,
Channel,Threshold,,,,,,,,,,,,,,,,,,,,,,,,,,,,,,,
,,,,,,,,,,,,,,,,,,,,,,,,,,,,,,,,
,,,,,,,,,,,,,,,,,,,,,,,,,,,,,,,,
Channel Cycling A.Green,,,,,,,,,,,,,,,,,,,,,,,,,,,,,,,,
,,,,,,,,,,,,,,,,,,,,,,,,,,,,,,,,
ID,1,2,3,4,5,6,7,8,9,10,11,12,13,14,15,16,17,18,19,20,21,22,23,24,25,26,27,28,29,30,31,32
Page 1, Wild-Type (S315), Wild-Type (S315), Wild-Type (S315), Wild-Type (S315), Wild-Type (S315), Wild-Type (S315), Wild-Type (S315), Wild-Type (S315), Wild-Type (S315), Wild-Type (S315), Mutant (S315T), Mutant (S315T), Mutant (S315T), Mutant (S315T), Mutant (S315T), Mutant (S315T), Mutant (S315T), Mutant (S315T), Mutant (S315T), Mutant (S315T), OLA NTC, OLA NTC, OLA NTC, OLA NTC, OLA NTC, OLA NTC, OLA NTC, OLA NTC, OLA NTC, OLA NTC, PCR NTC, PCR NTC
1,1.886930648,1.66229437,1.70748455,1.908903639,1.883268482,1.747444114,1.65387452,2.043284759,1.751266205,1.982909895,1.68388393,1.713822913,1.935225452,2.042830901,1.697852293,1.880028875,1.638183159,1.896696422,1.878150841,1.616121157,1.947763282,1.589336124,1.91735479,1.73065919,1.88845655,1.839322499,1.643091478,1.636203119,1.860201928,1.830495742,1.715114061,1.605576083
2,1.99282826,1.675694921,1.649500267,1.961674423,1.88988855,1.751544976,1.669990954,2.034966636,1.767198189,1.965463747,1.710129447,1.719473782,1.970593685,2.008204659,1.695887694,1.92808641,1.649391274,1.878603582,1.927468783,1.616216526,1.942942996,1.656926324,1.931995626,1.712876071,1.915334227,1.842233451,1.623102159,1.637674525,1.841153582,1.816368571,1.714732586,1.584355981
3,1.986397672,1.70583149,1.668138072,1.943454425,1.91435329,1.758057309,1.707688004,2.047760739,1.818207828,2.005035477,1.736594069,1.755601333,1.960975051,1.980403056,1.723048753,1.941710536,1.653939255,1.933928435,1.950647963,1.647974365,1.971770809,1.650321907,1.958554149,1.674853719,1.950102998,1.854558046,1.652075227,1.677075499,1.87218026,1.872826952,1.744927842,1.614277358
4,1.997812874,1.718517997,1.67020894,1.983672847,1.952215786,1.742834618,1.718601838,2.094809389,1.829695444,2.037297409,1.760019183,1.770962081,1.97461916,1.969939727,1.735399584,1.937241823,1.651839984,1.975221696,1.954299229,1.68143522,1.960348342,1.688234707,1.961394675,1.722031484,1.940375372,1.89626045,1.665395082,1.689459831,1.917041784,1.860946713,1.759873859,1.650644694
5,2.025787747,1.723724509,1.709487297,1.997296973,1.972010594,1.731027041,1.704977711,2.108695099,1.824979019,2.031280995,1.749882833,1.802185855,1.958931432,2.014572366,1.730576537,1.955552649,1.647865372,1.982146944,1.97940032,1.683724073,1.996936458,1.684494291,2.007254971,1.746923253,1.95691087,1.906996262,1.685182903,1.689173724,1.920876103,1.913154367,1.761399761,1.650087152
6,2.035655248,1.74786227,1.724574655,2.03915029,1.990691997,1.744824274,1.750877394,2.143129625,1.872568093,2.036609915,1.76661326,1.811722744,1.953154803,1.963945111,1.780422675,1.989013504,1.65501699,2.002570558,1.950211991,1.689728597,1.981592071,1.717109472,1.972119587,1.739274179,1.994252435,1.903817299,1.702499936,1.697852293,1.933972032,1.921228234,1.815823606,1.646651916
7,2.048582378,1.766449771,1.711553623,2.039779096,2.013275349,1.752013151,1.714787082,2.152067053,1.863762366,2.053864347,1.781236489,1.814933496,1.965144034,1.985433503,1.747990317,1.98611429,1.646143282,2.027822283,1.976320772,1.70830619,1.96254497,1.689809517,2.009504191,1.720236733,1.986622924,1.906996262,1.688029297,1.717021439,1.926275449,1.91175199,1.783888653,1.680605196
8,2.061611235,1.76915643,1.718471046,2.028552323,1.987269616,1.76077375,1.743519317,2.181059194,1.866464485,2.073224231,1.818548431,1.800916715,1.958800641,2.010732179,1.724778108,1.982499076,1.64685537,2.046343829,1.973500165,1.694103562,1.980076077,1.696920612,2.009143675,1.730373083,2.004448592,1.90643872,1.70407371,1.720740826,1.944094759,1.914668159,1.779710587,1.67925536
9,2.073818453,1.753363343,1.731492078,2.04509041,2.00573974,1.738824234,1.764378903,2.188754101,1.86192765,2.079100422,1.842272577,1.82080822,1.978967981,2.03520139,1.766885743,2.001271585,1.625630797,2.024681468,2.009803922,1.69539471,2.022474359,1.713683528,2.031102973,1.74985768,2.026632862,1.942473487,1.711953264,1.709842763,1.993532522,1.944711477,1.811950162,1.709010452
10,2.075008992,1.783677933,1.75153226,2.042369217,2.039845121,1.742144329,1.77909296,2.190105614,1.900921997,2.071793698,1.827725643,1.83175021,1.953663437,2.015062834,1.775211132,2.026289115,1.650791415,2.039845121,1.986216017,1.726340342,2.012563261,1.715215788,2.007617773,1.768990146,2.018114639,1.935782993,1.707611709,1.733072756,1.988468539,1.930673177,1.819579673,1.686993864
11,2.084585845,1.7692249,1.761908395,2.054974094,2.044581776,1.735459424,1.766055719,2.181805377,1.909717454,2.085086654,1.826098014,1.846459027,1.963249233,2.036316472,1.748378729,2.01419089,1.640344854,2.070344091,2.007617773,1.711044989,2.011520562,1.714057667,2.06192983,1.758116759,2.035362783,1.928231734,1.722634579,1.723102608,1.988250553,1.962746188,1.821164263,1.682866662
12,2.078714754,1.758449683,1.76407009,2.049490094,2.065359477,1.732168262,1.781033036,2.231784543,1.879802505,2.110017548,1.845864805,1.842240787,1.981592071,2.053210389,1.753889929,2.05106686,1.647770911,2.059109636,2.005442384,1.729254088,2.018959335,1.739223316,2.057221332,1.743284563,2.054082333,1.94623738,1.726939803,1.761399761,2.01866687,1.963014478,1.829556725,1.706467282
13,2.117380026,1.786395492,1.785087576,2.081127133,2.079804685,1.741461306,1.766642604,2.23806254,1.87542355,2.119478141,1.851809466,1.876986852,1.97655197,2.018005646,1.794133996,2.069123369,1.62791965,2.06719056,2.019640541,1.743452245,2.03307393,1.750209812,2.076518126,1.751618337,2.04811287,1.963281245,1.726176852,1.744324189,1.988133176,2.000223016,1.83260853,1.724923432
14,2.120368251,1.799038682,1.778983967,2.077159787,2.084969277,1.789556289,1.796272984,2.263828489,1.901508883,2.101167315,1.862211032,1.872383714,1.974644592,2.054169528,1.762744008,2.102794944,1.661707485,2.113726664,2.021166443,1.723330458,2.016384375,1.77582317,2.0608399,1.78662801,2.059967956,1.981275,1.752171686,1.775291829,2.033334027,1.969634546,1.845070064,1.726558328
15,2.145513848,1.78601765,1.791526548,2.067270488,2.084484118,1.763665494,1.824274756,2.251468681,1.904678064,2.122529946,1.840707549,1.89771369,1.974008799,2.058823529,1.823922625,2.103100125,1.624577198,2.087979161,2.019054704,1.760455155,2.043183032,1.765468833,2.053512216,1.772880358,2.090079093,1.994354162,1.732016362,1.781490806,2.041847868,1.987160623,1.851326263,1.725127794
16,2.146072437,1.818366776,1.800212453,2.114900435,2.125699127,1.758166302,1.796313856,2.257027325,1.912282423,2.143305691,1.847750175,1.889880725,1.957732509,2.068578404,1.788459093,2.089832042,1.623014965,2.118142977,2.029667898,1.747971822,2.016303678,1.74340194,2.084969277,1.775605184,2.063371892,1.983950283,1.748302434,1.765468833,2.072429491,2.009486025,1.865924061,1.755726535
17,2.16595947,1.839299024,1.810864424,2.100697807,2.130159457,1.757648585,1.806261285,2.267608031,1.893317638,2.11653533,1.832099896,1.867026101,1.938952175,2.05738566,1.798217042,2.126889666,1.623750668,2.147071539,2.018259963,1.762635015,2.031797454,1.763121292,2.066071565,1.760255334,2.068578404,1.998303556,1.746504049,1.793044066,2.048632683,1.975789019,1.873669171,1.756694896
18,2.152793673,1.806123228,1.821491242,2.098878462,2.13229572,1.759583211,1.799038682,2.261621799,1.93308332,2.155082526,1.867000018,1.887541009,1.97991678,2.03947727,1.796902419,2.133563392,1.608300908,2.142014543,2.061711844,1.761145444,2.025526164,1.768902113,2.089941035,1.778221016,2.084382391,2.007852527,1.761196307,1.793639335,2.072611146,2.032298263,1.875769763,1.780931309
19,2.18783856,1.806566466,1.801109549,2.122638939,2.161535821,1.758308831,1.798217042,2.319562066,1.926887487,2.123074911,1.871773353,1.89153183,1.973194985,2.074273289,1.763070987,2.165146214,1.585514102,2.121113037,2.024050566,1.744004476,2.02344803,1.753261616,2.088088154,1.778591592,2.093156329,1.992719267,1.752062693,1.785741534,2.075226978,2.018768597,1.881554777,1.776384903
20,2.200468335,1.802090486,1.833562219,2.078161405,2.127679866,1.751735714,1.798657206,2.30858102,1.943236439,2.16291549,1.853081051,1.898222324,1.968515551,2.072036455,1.810700934,2.165662114,1.600453411,2.132795106,2.047862465,1.751970468,2.029144732,1.754940108,2.081447964,1.776566304,2.072591329,1.997514959,1.763070987,1.788826875,2.087979161,2.05361003,1.908903639,1.764960199
21,2.22581445,1.805846553,1.824216068,2.136873426,2.183260853,1.767103729,1.807431144,2.305002416,1.922636759,2.129549096,1.857022965,1.878502973,1.975607364,2.100404364,1.804328476,2.152380407,1.576365955,2.168179853,2.064240482,1.77286359,2.039896473,1.768084666,2.104626027,1.78034638,2.092113629,1.993187296,1.74898909,1.803997864,2.112435516,2.06565541,1.897332214,1.79527479
22,2.17873401,1.810737265,1.829321971,2.129572571,2.229444826,1.750591287,1.810482948,2.246032654,1.926342521,2.137070896,1.88343281,1.900452489,1.972404646,2.099387096,1.825448527,2.189288167,1.623356476,2.194356342,2.061188678,1.797403786,2.022837669,1.760077312,2.108669668,1.804430203,2.121512678,2.01866687,1.739964468,1.818303197,2.118069616,2.054191326,1.915946265,1.802912126
23,2.20959613,1.853081051,1.830613119,2.1227647,2.202748804,1.747627516,1.808194095,2.298947714,1.91817643,2.171685795,1.906321343,1.906673475,1.986137765,2.093728542,1.764705882,2.223566469,1.638818952,2.230986378,2.075703822,1.778330009,2.030162,1.782605889,2.104422573,1.788643473,2.092825717,2.015615066,1.759717356,1.834897383,2.126249332,2.091190262,1.904464651,1.819093396
24,2.23133851,1.851028349,1.861219196,2.118376101,2.238607505,1.721599145,1.750645784,2.347424453,1.939803159,2.166898486,1.909775583,1.937743191,2.013838759,2.122420953,1.816739147,2.212206044,1.650390377,2.113279164,2.081221594,1.787535727,2.021922128,1.767430708,2.10332901,1.834643066,2.137906345,2.011021709,1.769537906,1.791409171,2.129396506,2.077809274,1.941837695,1.80453193
25,2.228325831,1.835965515,1.846850284,2.147611963,2.223021504,1.743871449,1.809719997,2.327654797,1.931574186,2.146726395,1.940947585,1.933419801,1.996157501,2.165473193,1.85142799,2.288970662,1.711735278,2.238403143,2.121549009,1.831954572,2.029776891,1.765330115,2.096237477,1.810591941,2.149878808,2.014308267,1.674321609,1.814806338,2.165541314,2.081657566,1.934726599,1.868675309
26,2.247653925,1.821545739,1.847358918,2.080923679,2.221204954,1.717250324,1.793748887,2.321484116,1.959004095,2.186181866,2.047379263,1.996134381,2.046888794,2.208634427,1.87348091,2.33880115,1.746798971,2.294487385,2.170813851,1.892236092,2.043401018,1.804379339,2.127412833,1.817552962,2.12340189,2.007960123,1.737112484,1.811335658,2.173495079,2.102693217,1.944938406,1.83947509
27,2.253089952,1.825918036,1.839665827,2.158744691,2.237408582,1.702296483,1.834032705,2.314139664,1.929884794,2.157320516,2.141897166,2.004177157,2.077733817,2.315011608,1.924353399,2.462261169,1.787467257,2.395196929,2.271598852,1.999149854,2.070649271,1.780291883,2.122224765,1.817222349,2.147147834,2.071564813,1.776997872,1.802526458,2.167050386,2.123703717,1.947755457,1.861498945
28,2.235446708,1.856260014,1.87862035,2.143892576,2.254011851,1.691106533,1.864449022,2.364538033,1.892118715,2.17804931,2.363949471,2.327000839,2.223525597,2.461687139,2.129924703,2.640464746,1.893644617,2.606894898,2.473487449,2.191195544,2.069995313,1.776384903,2.111194672,1.81996534,2.137244003,2.06130312,1.774976378,1.795529107,2.158515806,2.125886931,1.927850258,1.870538099
29,2.239043477,1.842336156,1.885760789,2.138987891,2.199764072,1.746490425,1.849800361,2.35779632,1.943563418,2.170820262,2.670233463,2.582882899,2.443071132,2.783597725,2.378595407,2.920694168,2.193190955,2.977856812,2.778231915,2.471961547,2.042420081,1.799038682,2.118186993,1.787376429,2.179624119,2.058543781,1.767698998,1.811832785,2.173774828,2.117036698,1.952487221,1.864843214
30,2.271196416,1.82813255,1.870756085,2.130636301,2.206870721,1.723557387,1.855279077,2.339677565,1.971700383,2.18731143,3.131532769,3.028798469,2.780302783,3.225287721,2.722679015,3.49126421,2.53166247,3.450471758,3.240348669,2.878069516,2.050225657,1.847104601,2.148579276,1.814733676,2.140586455,1.997882811,1.787300972,1.838167173,2.188347194,2.144941634,1.943236439,1.888957918
31,2.264656835,1.83587832,1.841051855,2.156804057,2.25242237,1.721762635,1.861709664,2.363739869,1.972756777,2.164601249,3.778992142,3.649347677,3.338564998,3.830777447,3.283959498,4.234495953,3.021286336,4.133033239,3.858243687,3.522545205,2.068536484,1.886451078,2.126235708,1.81241967,2.157625696,2.080785622,1.781745123,1.809211363,2.190051118,2.143892576,1.932664116,1.869091464
32,2.295674965,1.85112281,1.8814374,2.187791609,2.256691961,1.688563363,1.885310844,2.348480847,1.935078731,2.177789404,4.57955945,4.426533259,4.062932566,4.572315048,3.943987652,5.128175784,3.709976857,5.038856009,4.665293355,4.212252995,2.061493858,1.949667026,2.133093884,1.822537575,2.167639429,2.082093538,1.809592838,1.852009286,2.180819409,2.164339666,1.954782432,1.896492968
33,2.336766613,1.883399274,1.895297678,2.144274052,2.29699143,1.681035579,1.886015106,2.38434933,1.994471539,2.228529285,5.543195748,5.223817153,4.859082933,5.544157529,4.733552046,6.117545332,4.471002409,5.909349672,5.541841999,5.171536838,2.094860253,2.034027619,2.14858766,1.80777794,2.189765011,2.085908293,1.832390544,1.874952316,2.186383084,2.190843413,1.971656367,1.908140688
34,2.309548333,1.87779871,1.924467842,2.165691179,2.287545368,1.668029079,1.878150841,2.400713653,1.980482324,2.231413966,6.530098421,6.138821886,5.617902354,6.459965609,5.633957863,7.259021897,5.138017853,7.07092902,6.538999517,5.986530445,2.107270924,2.133211261,2.148470283,1.824040002,2.18731143,2.070445818,1.881110421,1.877916087,2.200799752,2.319698307,1.962717123,1.934022337
35,2.310651887,1.897568366,1.874746906,2.166653951,2.269143715,1.679509677,1.884162225,2.391374838,1.988759187,2.235991673,7.388545561,7.03994049,6.592878396,7.465018692,6.523231861,8.396849012,5.903238727,8.150733705,7.470944279,6.967555505,2.18112459,2.243780481,2.15304799,1.81857023,2.196281885,2.079677526,1.981434857,1.949750867,2.192111086,2.411688411,1.947705152,1.940008569
36,2.347854836,1.899513472,1.903671975,2.180514229,2.336391007,1.719255796,1.92802828,2.4539777,1.996018782,2.21419307,8.265405254,8.054692694,7.574451311,8.593881132,7.340645926,9.660486763,6.418961878,9.128416407,8.280308232,7.931522205,2.265354391,2.321304138,2.152369811,1.805360276,2.22432942,2.092011902,2.132624376,2.03393225,2.216058774,2.570000763,1.951221993,1.835777711
37,2.334450832,1.923330351,1.898331317,2.203097581,2.326187025,1.703963237,1.922745752,2.458463182,2.088858371,2.224530638,8.952329428,8.858981206,8.418637135,9.442634881,8.353551537,10.79139827,7.506784815,9.90474849,9.059868186,8.862694235,2.403499402,2.376306554,2.133211261,1.846693781,2.279152906,2.113919498,2.362448721,2.114078795,2.211032273,2.689620595,1.954026747,1.865239361
38,2.361503183,1.885252155,1.883902319,2.183566033,2.336156252,1.752244348,1.922402005,2.435012916,2.056446643,2.271850374,9.519449803,9.70616846,9.221304369,10.2606023,8.947186178,11.70097012,7.931857568,10.51534412,9.141093133,9.6950103,2.533150225,2.427593007,2.14017319,1.817240515,2.351517001,2.106801416,2.590109974,2.398514789,2.232503897,2.777728871,2.0020854,1.863794156
39,2.211947814,1.947718776,1.920054463,2.201994237,2.357518883,1.788357366,1.921469893,2.479373072,2.070649271,2.239588442,9.87047438,10.27531635,9.88174258,10.71837295,9.457650765,12.51621271,8.202773327,10.87139914,9.881415601,10.44131271,2.669718471,2.507915618,2.180296243,1.82105527,2.383840696,2.139009689,2.825767402,2.733806363,2.217571854,2.853789226,1.973601892,1.888521946
40,2.362668803,1.928036105,1.905953562,2.218988763,2.375829709,1.780291883,1.934961354,2.445258259,2.068152341,2.239202775,10.09032167,11.54562993,10.67673762,11.1263338,9.767299916,13.10760154,8.296838839,11.134647,10.06543773,10.98973831,2.712618121,2.556942562,2.168307012,1.817254139,2.406474912,2.173002095,2.987607494,3.026067496,2.23261289,2.940054484,1.981166007,1.906258742
,,,,,,,,,,,,,,,,,,,,,,,,,,,,,,,,
,,,,,,,,,,,,,,,,,,,,,,,,,,,,,,,,
,,,,,,,,,,,,,,,,,,,,,,,,,,,,,,,,
Channel Cycling A.Green 2,,,,,,,,,,,,,,,,,,,,,,,,,,,,,,,,
,,,,,,,,,,,,,,,,,,,,,,,,,,,,,,,,
ID,1,2,3,4,5,6,7,8,9,10,11,12,13,14,15,16,17,18,19,20,21,22,23,24,25,26,27,28,29,30,31,32
Page 1, Wild-Type (S315), Wild-Type (S315), Wild-Type (S315), Wild-Type (S315), Wild-Type (S315), Wild-Type (S315), Wild-Type (S315), Wild-Type (S315), Wild-Type (S315), Wild-Type (S315), Mutant (S315T), Mutant (S315T), Mutant (S315T), Mutant (S315T), Mutant (S315T), Mutant (S315T), Mutant (S315T), Mutant (S315T), Mutant (S315T), Mutant (S315T), OLA NTC, OLA NTC, OLA NTC, OLA NTC, OLA NTC, OLA NTC, OLA NTC, OLA NTC, OLA NTC, OLA NTC, PCR NTC, PCR NTC
1,4.641249496,4.138246738,4.271305409,4.620986704,4.558926234,4.249528605,4.062496594,4.741690191,4.258206126,4.657816434,4.259365225,4.28293817,4.654669261,4.739921709,4.251515632,4.562256809,4.032724733,4.570077058,4.530810508,4.09787969,4.581412331,3.978662801,4.567729516,4.217006767,4.559090562,4.430457008,4.08812672,3.999944513,4.453631647,4.316968032,4.320236006,3.951617163
2,4.657256936,4.235141527,4.203351898,4.586643996,4.577960886,4.172906517,4.117001485,4.818188754,4.345115478,4.674124514,4.329420484,4.285852344,4.584725719,4.774765938,4.169745719,4.56724324,4.053735232,4.610949438,4.63334331,4.00056341,4.560819918,4.196739656,4.606902164,4.236158796,4.568837263,4.403892438,4.026448971,4.137483787,4.443427176,4.436204573,4.339030035,3.998626688
3,4.755474174,4.158464942,4.175122708,4.663360545,4.6089367,4.28034638,4.271381704,4.936293584,4.389039663,4.750720402,4.304570077,4.307504504,4.61825197,4.74273876,4.2640383,4.675473302,4.068172615,4.66599091,4.577823946,4.127213292,4.601651496,4.18008189,4.612098057,4.240130054,4.612584333,4.498637092,4.140041917,4.152183312,4.512804863,4.425930165,4.395838102,4.076256962
4,4.714229936,4.26935695,4.197470817,4.753302698,4.688620584,4.255959193,4.207548129,4.919635818,4.473741766,4.78662801,4.386205844,4.394480929,4.614437215,4.706492714,4.288221125,4.711604486,4.049274903,4.713981372,4.652802755,4.115739681,4.698634318,4.255506453,4.669478686,4.326586666,4.626153964,4.520739554,4.217124144,4.168219817,4.593601383,4.445970347,4.374878955,4.051815279
5,4.852721094,4.285714286,4.299076829,4.808880751,4.73884184,4.284224715,4.230035624,5.02138507,4.572659354,4.76037886,4.422954655,4.444835701,4.607243676,4.773734137,4.319359591,4.804811678,4.072196972,4.750133516,4.687219395,4.252689403,4.678721294,4.261031001,4.792095827,4.296068622,4.687806281,4.522338118,4.191653315,4.272424404,4.669529977,4.539793768,4.463263905,4.12098497
6,4.826755605,4.326804652,4.271327208,4.770842189,4.794098573,4.287349181,4.253511042,5.044867393,4.580431394,4.891715441,4.567729516,4.515614088,4.678670431,4.847028305,4.349736782,4.836875187,4.110671506,4.837872892,4.68041886,4.301191294,4.746273881,4.298943313,4.734220536,4.384151745,4.751557692,4.545444637,4.25480219,4.274814984,4.710841535,4.563591974,4.485682929,4.099145495
7,4.883322979,4.352853982,4.290023143,4.757901746,4.787191141,4.303262161,4.364181989,5.070137004,4.638088699,4.86599309,4.497923683,4.482388546,4.696218306,4.753889583,4.377609929,4.795096768,4.024567025,4.83395641,4.791877841,4.217702645,4.774329965,4.277485313,4.792389269,4.372883544,4.772259098,4.603060021,4.212076929,4.264779243,4.682289558,4.55669607,4.551221267,4.214659225
8,4.844622075,4.391219523,4.315796357,4.851962056,4.862614306,4.322226945,4.421829791,5.150154644,4.611712389,4.959534248,4.503289493,4.456874189,4.667633071,4.848268101,4.34462501,4.898690994,4.024414435,4.928077187,4.792858778,4.263574172,4.685155515,4.27416941,4.777490763,4.331527682,4.720319735,4.677602299,4.280273019,4.259337976,4.737544823,4.591322312,4.587167163,4.243330536
9,4.922451471,4.398565652,4.380647201,4.899366751,4.845248086,4.345674067,4.400232407,5.200744171,4.697598884,4.911974517,4.551061969,4.614124768,4.718293024,4.815620152,4.461084045,4.878963258,4.033150225,4.940316417,4.743419547,4.263152732,4.781872282,4.343904445,4.903193244,4.403651993,4.843662345,4.651839984,4.27862974,4.307145037,4.771496147,4.694914931,4.629469866,4.333969126
10,4.911770156,4.379121298,4.414317658,4.938993257,4.89890898,4.250469909,4.39111053,5.19297213,4.676788485,4.867246509,4.526647534,4.562212793,4.685333537,4.814888991,4.395067815,4.933476533,4.058790832,4.994982129,4.798492878,4.35410321,4.781942708,4.31590535,4.89781905,4.368467231,4.917168943,4.646270441,4.270564257,4.369479609,4.826193872,4.683705908,4.603036545,4.33686834
11,5.012302586,4.480334936,4.427023728,4.908688626,4.928460619,4.310019728,4.391546502,5.226316726,4.70702678,4.961013199,4.564380357,4.509476943,4.625445509,4.909335978,4.469113197,4.926120902,4.138246738,5.00625033,4.773139426,4.33925892,4.78154167,4.40212609,4.953732466,4.453169475,4.851952808,4.744411383,4.296613587,4.336966154,4.821850919,4.694056611,4.641467482,4.342807391
12,5.088973562,4.449882916,4.482693726,4.943719641,4.964229331,4.256613151,4.393886219,5.279112942,4.695328196,4.940973017,4.58447776,4.686749887,4.673729414,4.890399141,4.456179359,4.985013461,4.050125887,5.058492917,4.858167391,4.379212126,4.772411688,4.387159533,4.900689199,4.398126955,4.911527017,4.669546807,4.372254738,4.365388179,4.936838549,4.737817306,4.671960373,4.336804761
13,5.080055368,4.465728824,4.4489439,4.946558744,4.990819155,4.29490603,4.421125529,5.336951901,4.693102922,4.975313082,4.599890839,4.638415678,4.733893557,4.86381323,4.444190127,5.006993718,4.034049417,5.064367641,4.767136427,4.310321555,4.834668498,4.326746522,4.984141517,4.49976818,4.891126879,4.696508954,4.320415984,4.336614023,4.823376822,4.825774668,4.685693493,4.334960962
14,5.081966379,4.477829335,4.507820249,5.013504234,5.047823162,4.354690095,4.424709443,5.304907955,4.702932275,4.97487711,4.566576459,4.631876097,4.647193807,4.987822127,4.447496249,5.047248471,4.005111772,5.06817513,4.864217145,4.414082903,4.78288955,4.411056251,5.023974271,4.482044239,4.927036444,4.767121894,4.349514832,4.469476507,4.959073123,4.754901961,4.733825437,4.426407498
15,5.117875944,4.467364767,4.55587443,4.991695571,5.03571198,4.312551719,4.436996589,5.42798622,4.779670623,5.074387732,4.61356527,4.6692607,4.652068869,4.929720466,4.481574731,5.074387732,4.054976076,5.065559298,4.78154915,4.425225343,4.78511189,4.460008647,4.992751965,4.435579679,4.965692632,4.765519697,4.350041962,4.497851021,5.007400626,4.739125222,4.807710892,4.431328952
16,5.150624153,4.572541977,4.571399507,4.986750083,5.034256504,4.315578371,4.549695365,5.392640065,4.745010845,4.973351208,4.667516812,4.677124966,4.700694285,4.963105865,4.448658841,5.078711121,3.998215868,5.154388604,4.87238521,4.382187635,4.879181244,4.401464866,4.989918146,4.442950332,4.932805807,4.757000076,4.456753389,4.461846996,5.01029984,4.765065559,4.739299611,4.464571821
17,5.192318172,4.510376135,4.494449531,5.014550567,5.091113967,4.228987055,4.523180997,5.390910709,4.758068208,5.011607756,4.644439358,4.622339208,4.659596653,4.989903614,4.468604562,5.178677278,3.924874749,5.178090392,4.919835639,4.465443765,4.860405381,4.415491429,5.002846394,4.490143259,5.033315531,4.803774847,4.383281198,4.435688672,5.015992629,4.811169604,4.792350144,4.502819985
18,5.202004018,4.540957758,4.553546451,5.004305224,5.125632614,4.31286717,4.456070366,5.446612497,4.789196612,5.11122737,4.685854887,4.701972229,4.691822254,4.981131633,4.525280929,5.244271509,3.985539142,5.168841077,4.924086366,4.462977798,4.885393846,4.477977962,5.019455253,4.500824574,5.021861483,4.832023601,4.440089265,4.462246637,4.963378347,4.919508659,4.808626434,4.504158083
19,5.221541924,4.59742592,4.570898698,5.038274713,5.197350017,4.31342031,4.524082006,5.570687419,4.825614811,4.989223316,4.731235805,4.754711223,4.673711248,4.95236642,4.517918947,5.232032502,3.94554709,5.221764452,4.880470995,4.444517106,4.851962056,4.471983346,4.975204089,4.572365911,5.044750016,4.853073226,4.407695633,4.504654002,5.117221986,4.91918168,4.796164899,4.508405178
20,5.316477983,4.566770937,4.554818036,5.079346914,5.265536325,4.270695048,4.513313497,5.487035281,4.85516645,5.110598564,4.668673815,4.688116492,4.688588795,4.976679128,4.476292762,5.264832063,3.927890222,5.33671575,4.826174309,4.472654072,4.914072633,4.520332647,4.978001577,4.510185397,5.05658554,4.906487627,4.452800575,4.519252777,5.098366195,4.918854701,4.832205256,4.605172808
21,5.287352814,4.559872587,4.593669853,5.061744542,5.313801785,4.240278731,4.538142105,5.548180362,4.807450217,5.052516467,4.674274379,4.599428235,4.673402435,5.059255868,4.486661072,5.320617482,3.851846635,5.256224409,4.913287674,4.487296864,4.899126966,4.479696698,5.122453651,4.489407696,5.063379437,4.89204242,4.424789371,4.497160732,5.043615371,4.896620127,4.856660563,4.623388266
22,5.308940697,4.507515068,4.679655909,5.047139478,5.272246382,4.207389181,4.575744695,5.358733736,4.833199817,5.116895007,4.715444673,4.68986038,4.635808229,5.06375728,4.532633766,5.34523537,4.046215763,5.268068317,4.973896173,4.491683833,4.888158305,4.4399394,5.122592369,4.469040535,5.108066573,4.923514153,4.40211044,4.562549274,5.112916762,4.952097571,4.879013563,4.641508354
23,5.255794027,4.572842756,4.657489455,5.108603154,5.357981142,4.188484134,4.501590977,5.502839268,4.797334758,5.138700021,4.747692073,4.786101211,4.697489891,5.025382796,4.415374051,5.393192296,4.097962921,5.413029025,4.962742555,4.518632356,4.820543003,4.449648162,5.050634521,4.56833317,5.138729941,4.960453702,4.319066148,4.470130465,5.163144376,5.011498763,4.899202423,4.642652781
24,5.361039357,4.534872315,4.668567108,5.068640167,5.345521477,4.26380669,4.374456397,5.506041986,4.859693294,5.105014769,4.763358002,4.7784717,4.714098749,5.089392437,4.531013962,5.501894662,4.094758526,5.201800565,5.11289133,4.575468579,4.900024062,4.571837714,5.066112647,4.486152438,5.145694315,4.965394718,4.41606993,4.506348202,5.186650536,4.95896413,4.935312646,4.635500114
25,5.445508943,4.593881132,4.680704967,5.10686765,5.358381605,4.270564257,4.628824292,5.536685232,4.816255945,5.09745233,4.886040538,4.880954198,4.733935478,5.180348175,4.633995405,5.533328247,4.25007357,5.533902277,5.16083596,4.673838407,4.870578063,4.512703136,5.044741632,4.503172116,5.092480572,4.926786039,4.183191494,4.541975026,5.168666688,5.105232755,4.914494981,4.745446817
26,5.357156481,4.552020549,4.642175937,5.101560528,5.362147453,4.200300094,4.491701173,5.562676432,4.830720226,5.147478447,5.077439536,5.011498763,4.803947,5.374227512,4.698456296,5.691732545,4.341903817,5.637227654,5.288190104,4.845155607,4.869623396,4.514205563,5.098229953,4.543017726,5.192746878,4.959651625,4.407895454,4.543809742,5.270847639,5.125287469,4.8993198,4.732057444
27,5.366489008,4.543591756,4.663048099,5.115459932,5.506436037,4.225457917,4.596721658,5.532451831,4.768062867,5.064469368,5.438620584,5.017980214,4.964195795,5.616591643,5.00670307,6.103491382,4.492147053,5.981027949,5.595701316,5.134115903,4.876666021,4.565264597,5.141985199,4.504463264,5.140255843,4.96147097,4.477505659,4.567025254,5.285447748,5.080109865,4.900258816,4.741799743
28,5.493343252,4.632052162,4.657875123,5.232928969,5.451234709,4.090591639,4.626426446,5.543250524,4.688510543,5.146541107,5.980773632,5.862516213,5.318859061,6.024973933,5.358205539,6.744106203,4.79720173,6.500597645,6.084711047,5.588972814,4.956566284,4.488265225,5.098860855,4.551350077,5.162009731,4.932860304,4.468095928,4.557488365,5.242018987,5.098344396,4.923069098,4.798352026
29,5.528852267,4.652475776,4.666310623,5.079619396,5.431296254,4.219882506,4.631767104,5.592322532,4.878091314,5.13055267,6.983100633,6.530861372,5.935876895,6.858116528,6.006256199,7.351033799,5.580478625,7.33724199,6.871372314,6.442241668,4.926375219,4.564912466,5.168465471,4.578905492,5.175046413,4.904601769,4.475471122,4.55024033,5.25619449,5.118588032,4.968439256,4.806998805
30,5.56602168,4.580540387,4.70374609,5.175533248,5.345438824,4.206912337,4.680348923,5.522893982,4.911065334,5.162345094,8.219780779,7.797360189,6.731898985,8.090231683,7.047093156,8.91643338,6.538681621,8.80587981,8.127241169,7.593652247,5.022330992,4.599178193,5.060908929,4.599355306,5.140328505,4.881252112,4.498741131,4.601794025,5.329365988,5.213110193,4.925971304,4.932021057
31,5.527021185,4.622243839,4.705060713,5.165814705,5.396709138,4.21352458,4.674245314,5.624584464,4.92627985,5.196650645,9.922535032,9.593238073,8.278146537,9.675393653,8.571696862,10.87866534,7.740574829,10.74747409,9.775751067,9.328145266,4.934971135,4.760719463,5.231841764,4.595254444,5.197985809,5.01552312,4.562956181,4.630502785,5.234121947,5.245797411,5.005898199,4.861715114
32,5.533030333,4.693021177,4.666326273,5.14259556,5.476869866,4.192034791,4.649750951,5.585455972,4.819752804,5.160366451,12.22224179,11.64557652,10.13133658,12.02347346,10.41820619,13.58704,9.738180616,13.31120775,11.9803276,11.37610946,4.929783068,4.90941423,5.125178476,4.577706569,5.259174487,4.993642074,4.547079532,4.587406947,5.376692431,5.274128328,4.976729992,4.850461585
33,5.63505506,4.704792423,4.791441869,5.178403398,5.562852498,4.134213997,4.726838076,5.787136645,4.982642863,5.272101058,15.29950917,14.35993853,12.41433331,14.6061265,12.84850334,16.60669871,12.04254724,16.04358994,14.59901834,14.00320439,5.052731658,5.231262215,5.113196511,4.558887109,5.240057112,5.027193757,4.634382936,4.703728138,5.310953435,5.331611244,5.037613489,4.912591236
34,5.571831846,4.663157092,4.710929568,5.17574285,5.544270237,4.119122098,4.778362707,5.700334609,4.95896413,5.24866756,18.00520987,16.9216684,14.75634612,17.61172832,15.2979324,20.2386511,14.06678365,19.44762341,17.47707332,16.78241084,5.073879098,5.564965286,5.075854945,4.656617511,5.299458305,5.036049439,4.795096768,4.756706634,5.25335426,5.6314374,5.047449689,4.875359223
35,5.588943749,4.758621347,4.786520415,5.20291956,5.594364335,4.068164231,4.762595051,5.750580388,4.926089113,5.278640639,21.10545745,19.94964523,17.62651783,20.81849393,18.15093353,24.29922942,16.35767147,23.16812508,20.66177204,19.88508783,5.216732607,5.871671626,5.13618677,4.619923196,5.307087816,5.067739158,5.052872511,4.945993962,5.310357606,5.815322238,5.0374391,4.950637064
36,5.706438217,4.74722043,4.783703365,5.202672509,5.621576257,4.163717567,4.816216819,5.747855562,5.032806897,5.273752722,23.99033595,23.06095979,20.86714842,24.51078486,20.76095568,28.15890925,17.79530609,26.56188805,23.53598488,23.06917619,5.504801142,6.120266524,5.15209975,4.587079968,5.345587502,5.131173092,5.449412874,5.217931531,5.372294703,6.321812772,5.016784924,4.792640792
37,5.677780321,4.804150454,4.81739059,5.180546927,5.668218001,4.130515501,4.857557031,5.840321272,5.188285431,5.209557234,26.54682466,26.14916784,23.55370882,27.50603025,24.17530436,32.29583722,21.23381908,29.23101466,25.96943836,26.3315404,5.883777117,6.230845526,5.200492648,4.625416444,5.666001809,5.090218967,6.063172351,5.319803667,5.365072099,6.618659436,5.028937645,4.835380585
38,5.729355815,4.880649017,4.749116248,5.246763816,5.763205412,4.244003498,4.854221844,5.838915592,5.18247247,5.275139239,28.50878274,29.04809135,26.28187004,30.30201964,26.54568442,35.79786882,22.85661606,31.42514178,26.38925765,29.41426164,6.146116034,6.41107805,5.220874342,4.535744259,5.745437899,5.225862868,6.713315676,6.219958801,5.413079329,6.919312472,5.072996468,4.780142926
39,5.311767249,4.868063957,4.762442461,5.308261587,5.806439307,4.43661148,4.87285965,5.812270433,5.222858015,5.351616416,29.78065156,30.78071696,28.97211414,32.02728822,28.48213814,39.06832772,23.90205888,32.76162865,28.65809618,31.80841208,6.507100895,6.486991684,5.285598026,4.611635453,5.808930118,5.238676534,7.392163799,7.053101396,5.406907251,7.039190255,4.978901468,4.916691609
40,5.665007248,4.769970245,4.846265354,5.204242008,5.81216144,4.349329875,4.870445035,5.825385926,5.154967105,5.322901711,30.78631647,35.47605214,31.45942372,33.6275977,29.40319618,41.2808859,24.14669789,33.66562788,29.73912941,34.05421312,6.638056001,6.621194781,5.272319044,4.634382936,5.870978034,5.296883345,7.91668574,7.931874336,5.387491123,7.270313573,5.084592203,4.917395872
,,,,,,,,,,,,,,,,,,,,,,,,,,,,,,,,
,,,,,,,,,,,,,,,,,,,,,,,,,,,,,,,,
,,,,,,,,,,,,,,,,,,,,,,,,,,,,,,,,
Channel Cycling A.Green 3,,,,,,,,,,,,,,,,,,,,,,,,,,,,,,,,
,,,,,,,,,,,,,,,,,,,,,,,,,,,,,,,,
ID,1,2,3,4,5,6,7,8,9,10,11,12,13,14,15,16,17,18,19,20,21,22,23,24,25,26,27,28,29,30,31,32
Page 1, Wild-Type (S315), Wild-Type (S315), Wild-Type (S315), Wild-Type (S315), Wild-Type (S315), Wild-Type (S315), Wild-Type (S315), Wild-Type (S315), Wild-Type (S315), Wild-Type (S315), Mutant (S315T), Mutant (S315T), Mutant (S315T), Mutant (S315T), Mutant (S315T), Mutant (S315T), Mutant (S315T), Mutant (S315T), Mutant (S315T), Mutant (S315T), OLA NTC, OLA NTC, OLA NTC, OLA NTC, OLA NTC, OLA NTC, OLA NTC, OLA NTC, OLA NTC, OLA NTC, PCR NTC, PCR NTC
1,10.66092373,9.698062104,10.09923451,10.61541543,10.54681795,10.03104624,9.726536529,10.86202574,10.28294586,10.76228987,10.24349039,10.14889284,10.71934551,11.21258361,10.10462603,10.66262303,9.471560998,10.56925689,10.62049723,9.596507864,10.60748514,9.565067013,10.69565881,10.1836169,10.54943378,10.16076469,9.758580475,9.583135259,10.57788096,9.995075497,10.44968338,9.671072709
2,10.88693065,9.989064368,9.894301929,10.632283,10.74591185,10.06082801,9.892541273,11.24393726,10.36687048,10.93025537,10.36416243,10.35701025,10.6130857,10.95663168,10.07834921,10.89758653,9.534541144,10.82742046,10.77897307,9.815009791,10.80109865,10.06125407,10.79837382,10.12566894,10.71203683,10.4638234,9.863314377,9.883471936,10.71356273,10.06790265,10.52011466,9.720541913
3,10.83609903,9.989979909,9.946135653,11.05994252,10.80937373,10.15051935,10.04228929,11.42442969,10.5179348,10.94776133,10.38132296,10.44491787,10.69492129,11.21930484,10.29678798,11.0602477,9.77399041,11.0247607,10.80382347,9.896585447,10.81951847,10.25433199,10.94459214,10.24738689,10.8018616,10.47257191,10.01860427,9.978578681,10.93179804,10.25382796,10.64347295,9.960150477
4,11.14257376,10.27138619,10.12272613,11.01439798,11.02006561,10.09602284,10.09719997,11.49178738,10.66643778,11.03743742,10.55102676,10.63375804,10.73805982,11.18540802,10.43523817,11.0780499,9.634546426,11.24132143,11.01505194,10.094782,10.92643071,10.30324372,11.06355383,10.3530429,10.9922179,10.45653086,10.23399123,9.936566066,10.82495359,10.38557641,10.51194018,10.09174487
5,11.26115816,10.25202818,10.16556039,11.09671285,11.22453651,10.04251718,10.34938074,11.5832409,10.79229003,11.10189212,10.65775921,10.69403118,10.83543145,11.19216558,10.54583701,11.27536079,9.698307338,11.33832521,10.95022624,10.19811297,11.0784568,10.26967387,11.12273703,10.47393135,11.00046364,10.73483928,10.17395285,10.06332494,11.06889448,10.45297496,10.8690013,10.17800236
6,11.28205128,10.38853285,10.23282724,11.23298766,11.25986701,10.02250706,10.23749578,11.80089156,10.94180863,11.33919716,10.86169877,10.6122976,10.68837263,11.39555493,10.43439661,11.50624153,9.868554426,11.30673177,11.13389792,10.32959487,10.99979291,10.37715216,11.22568093,10.48323415,11.17126865,10.5798937,10.12863355,10.24266931,11.10786368,10.59983215,11.07642227,10.25929438
7,11.39369366,10.31824598,10.40752488,11.08669668,11.37395754,10.19277231,10.37888151,11.91718711,11.00539348,11.54507134,10.82900086,10.80280062,10.859259,11.2688894,10.51031256,11.22975001,9.668468405,11.54945195,11.13508049,10.24719615,11.15800717,10.53635462,11.32012338,10.55513495,11.01319905,10.73765633,10.20171253,10.31471733,11.14577648,10.74092724,11.0826276,10.35281038
8,11.60723278,10.49539001,10.45700771,11.10093843,11.43651953,10.28962797,10.4625391,11.8829633,11.09554691,11.29310674,10.89901071,10.67368582,10.7596813,11.31074998,10.44973033,11.72374128,9.657434958,11.5171576,11.15340599,10.3427685,11.06300886,10.40730689,11.33480837,10.6005515,11.24905994,10.83009079,10.40817884,10.47862465,11.07296356,10.66793434,11.11892228,10.23258271
9,11.66497727,10.53036,10.38176899,11.36306663,11.40283231,10.28176371,10.45319295,12.15533684,11.19888228,11.29080426,10.85657609,11.01525315,10.86618425,11.42344876,10.82444495,11.71313039,9.626698929,11.63160026,11.11034816,10.57373922,11.22819867,10.52089214,11.46903299,10.45747721,11.42442969,11.08038961,10.4728216,10.38681621,11.13359274,10.83273178,11.13650369,10.41876478
10,11.62595778,10.77563516,10.66319524,11.25327433,11.59544812,10.29656999,10.53940642,12.06197937,11.32884282,11.52188398,11.01675949,11.08328156,10.75689835,11.35057603,10.64872642,11.66664123,9.763637751,11.69680323,11.14234124,10.46663263,11.35261692,10.67028188,11.48870832,10.81289505,11.31209982,10.99892097,10.14343481,10.64891925,11.35596755,10.83801374,11.41069657,10.45385417
11,11.75097276,10.57764935,10.8059698,11.33404933,11.74141044,10.35975687,10.6502104,12.36965674,11.19320465,11.55342712,11.09683023,11.22911421,11.02006561,11.57592998,10.58040233,11.78128735,9.562066072,11.9547897,11.45283495,10.58470665,11.35500114,10.58794919,11.45399405,10.74408077,11.36339361,11.02492943,10.53689958,10.52512834,11.43073676,10.93374315,11.33765672,10.56575367
12,11.56434319,10.62733654,10.75636197,11.58903639,11.65603985,10.20327197,10.61112383,12.28698059,11.19918306,11.45198569,11.12666078,11.14122225,10.86547998,11.4227948,10.59993388,11.92899468,9.697489891,11.81705607,11.2968897,10.58101269,11.36390224,10.72872002,11.53342271,10.75925372,11.448492,11.1369732,10.45055197,10.5757011,11.58177714,11.14194705,11.38933394,10.56493985
13,11.75755322,10.7794817,10.74657699,11.55024727,11.73194386,10.21632207,10.73526687,12.2636759,11.50933525,11.47282259,11.32677195,11.18435442,10.87632563,11.61189768,10.65866155,11.99664302,9.639124132,12.10979453,11.36733552,10.64458468,11.22739757,10.55568271,11.63700694,10.90775921,11.47979814,11.29587243,10.48386358,10.58553562,11.55129756,11.10492925,11.43534576,10.7316701
14,11.99786374,10.80357824,10.81613969,11.5397443,12.06591897,10.33831431,10.71265501,12.30672814,11.36128082,11.63225757,11.11031183,11.18303197,10.65761298,11.66650318,10.72251469,12.069632,9.756364284,12.23914409,11.51944254,10.82080822,11.32219425,10.69190127,11.56252384,10.86055015,11.52176046,11.27674416,10.77298684,10.67002365,11.60249074,11.35528725,11.57425422,10.84000916
15,12.04994787,10.81966379,10.81386536,11.66742962,11.97713327,10.1465453,10.78936828,12.52613107,11.52607826,11.55342712,11.23318329,11.14998529,10.66710536,11.63520765,10.6097153,12.23376822,9.673202614,12.19971516,11.42811729,10.76101437,11.35811164,10.82719158,11.64403245,10.86311567,11.55014056,11.29871883,10.61159334,10.65243218,11.74346063,11.17952239,11.80519315,10.97784899
16,12.1232929,10.77935454,10.83216166,11.75947422,12.15022058,10.2085204,10.88355606,12.61278052,11.53636552,11.84017935,11.4633402,11.19802396,10.8314641,11.76317998,10.60701563,12.07622468,9.610131991,12.32024327,11.47372807,10.72840031,11.42982122,10.75586655,11.81272692,10.8662356,11.76508736,11.48403525,10.71564813,10.61226825,11.54715583,11.30000998,11.62050813,10.88355606
17,12.12351088,10.89188983,10.97550927,11.78137343,12.1793698,10.2792401,10.80529488,12.75839519,11.61809211,11.85765876,11.31578546,11.11232401,10.81737494,11.6614023,10.56174999,12.35246433,9.497433215,12.44024458,11.49233234,10.78736553,11.51455965,10.8986977,11.98924826,10.89008649,11.78105483,11.35641805,10.60257877,10.76829175,11.85790329,11.41429334,11.75849328,10.95772161
18,12.30604903,10.86398762,11.18603682,11.8066095,12.31238739,10.18043793,10.95302764,12.70193681,11.53012385,11.64599069,11.28770886,11.24254215,10.78841459,11.7395285,10.96391241,12.55588617,9.579504954,12.52231632,11.47442543,10.84774766,11.52644715,10.79052633,11.72350652,10.75425345,11.82065563,11.39827137,10.67602553,10.92088197,12.02652527,11.32102738,11.8080851,11.01810374
19,12.3267074,10.84371492,11.06289987,11.86025083,12.39408185,10.22725043,10.78741639,12.84428168,11.52644715,11.72796685,11.21788793,11.19834185,10.82790366,11.82737687,10.89972279,12.57449044,9.35753649,12.55566818,11.59522175,10.6881232,11.38593001,10.82464841,11.86271575,10.78188615,11.85206378,11.46609856,10.65678352,10.87947916,12.04958008,11.5424328,11.88405323,11.19543537
20,12.25484746,10.86008064,11.07024087,11.91058213,12.34936118,10.11258978,10.9760179,12.99141387,11.357181,11.63019174,11.38053066,11.28087751,10.77744717,11.70355242,10.90168104,12.71663409,9.17753872,12.46954554,11.75178658,10.99940725,11.3265372,10.90039128,11.7191468,10.87853819,11.99460848,11.54988065,10.78952722,10.92420305,12.17565042,11.60601205,11.77734907,11.23440401
21,12.44449531,10.7929605,11.03627832,11.98694264,12.66885379,10.1619217,10.94496943,13.01104099,11.50701915,11.81328044,11.2628748,11.4515438,10.95163477,11.96412956,10.72676541,12.75305453,9.083226227,12.43610285,11.61927567,11.00289921,11.26148514,10.88778897,11.97721319,10.78747452,12.04250984,11.55315044,10.69903927,10.94936548,12.05685746,11.54975713,11.96551461,11.39203362
22,12.59632258,10.82300625,11.14102804,11.75249866,12.56458381,10.07400626,11.05129575,12.54389694,11.70999139,11.78779787,11.50530251,11.49109988,10.71569899,11.78231245,10.88469629,12.84140594,9.545738918,12.84844857,11.77473324,11.00234167,11.46268624,11.00518807,11.89833132,10.89576327,11.90933961,11.79487179,10.80633031,10.87630383,12.2043837,11.69227639,11.97314412,11.33409628
23,12.65158203,10.96818494,11.13425396,12.07077643,12.73225503,10.07389726,11.01426719,13.07535414,11.54375525,11.85249612,11.55433483,11.49124241,10.74747409,11.973934,10.74680196,12.91007154,9.585717556,12.99346405,11.88347194,11.15053025,11.43358511,10.84112815,11.84219991,11.06562469,12.03774065,11.66574023,10.77650815,10.84448514,12.05070355,11.52447166,12.04893984,11.42512329
24,12.71391877,11.01134617,11.19903214,11.72221538,12.90302892,10.10463329,10.28315023,12.94401029,11.67282477,11.89517052,11.58684291,11.6147315,10.82200351,12.14788685,11.02366238,13.19788017,9.912696596,12.30370149,11.91784107,10.99281736,11.39533583,10.89209328,12.00408179,10.90002797,12.06189777,11.81811246,10.75303273,10.92851148,12.22819867,11.93255512,11.92568856,11.65606165
25,12.77877688,11.05760281,11.13527123,12.00399509,12.714471,10.02690674,10.99020153,13.126421,11.71478708,11.87335012,12.07211649,11.8008189,11.02499545,12.185268,11.18314641,13.48017207,10.14865809,13.25663132,12.12868442,11.49165915,11.41594186,11.04854912,11.86846723,10.85503342,12.21332113,11.82245541,10.22605151,11.03519748,12.30452313,11.82269017,12.02610467,11.59034613
26,12.9282063,11.02429119,11.21960667,12.07010431,12.92754508,9.902669239,10.86164106,13.00860227,11.83536689,11.93153786,12.56997533,12.16622161,11.09859089,12.48089897,11.36304148,13.76461869,10.21275436,13.53627832,12.5892017,11.79815835,11.42759049,10.88960098,12.03031459,10.97914369,12.28327787,11.83052313,10.67074301,11.0071648,12.28239363,12.07731238,11.94879508,11.80509143
27,12.66030147,10.97908424,11.07459119,12.04577707,13.06422958,9.665700262,11.07014295,13.2218251,11.54097047,11.98524961,13.21795165,12.08504362,11.72154465,13.3635244,12.01886397,14.93412211,10.60752706,14.40017372,13.24015157,12.55386659,11.64448659,11.03308665,12.1934844,11.0237043,12.36929013,11.81582361,10.85539534,10.9313453,12.6177942,12.03849633,12.16093182,11.83245594
28,12.75257496,10.90199893,11.37000585,12.2247067,13.0239821,9.698198345,11.15224689,13.28333069,11.20880798,11.96154726,14.86029192,14.43602206,12.43121996,14.70454719,13.07305802,16.37238553,11.60971782,15.92278935,14.28377966,13.75870791,11.57375012,11.04224206,11.98819969,11.10297297,12.06483911,11.86865797,10.75924533,10.98344396,12.50985478,11.97146563,12.19454079,11.70190914
29,12.91961039,11.03979335,11.35779863,12.06460435,12.82393632,10.25983934,11.31059739,13.30499515,11.88092877,12.16073619,17.36954808,16.597825,14.09105276,16.73609522,15.12026652,18.43311644,13.60846524,18.52625592,16.7254139,16.31138577,11.64888991,11.28016258,11.858498,11.04365841,12.46356909,11.9789044,10.99158211,11.24212926,12.59261681,12.04261082,12.10706285,11.90356298
30,12.98095892,11.02934819,11.36829829,11.95827747,12.89509422,10.1495971,11.23592209,13.08954802,11.83057399,11.94842451,20.8705272,19.96632843,16.22390071,20.22746842,17.95500496,23.03392953,16.1585921,22.44335088,20.3730244,19.5834287,11.59339793,11.30778295,12.08688923,10.9321355,12.14188983,11.76235834,10.97025581,11.10279131,12.55632214,12.20768703,12.19293943,11.98666596
31,13.30445857,11.20419114,11.5007248,12.09092197,12.85267414,10.03840187,11.20599093,13.29964611,12.06192983,12.02583861,26.8689577,25.24216761,20.6886514,25.56967015,22.25121436,29.17477302,19.7410326,28.38003684,25.25958139,24.65342947,11.66108325,11.6552224,12.14818418,10.95140002,12.40068012,11.79051906,11.05232755,11.15075465,12.4435289,12.32725516,12.16472701,11.98247392
32,13.19469422,11.21403471,11.27244984,12.17466494,13.12644643,9.962615396,11.32651764,13.45273518,11.62775616,12.16078649,34.09475853,32.12667168,26.29750006,32.02868696,28.21763725,37.69835261,25.52306166,36.770646,32.89311055,31.44947992,11.72841121,12.15747311,12.1320414,11.17580936,12.3025864,11.9687408,11.15805077,11.24470021,12.58742148,12.41615712,12.18073222,12.10762697
33,13.09946339,11.224067,11.54530295,12.3167555,13.13942638,9.869433636,11.27707114,13.44284616,12.17395285,12.21825096,43.67812854,40.62256809,34.06246026,41.21516311,36.00573303,48.41053812,33.39160372,45.36114835,41.42891203,39.99792913,11.90956486,12.97529128,12.16547319,10.97581445,12.39856565,11.86259838,11.29003292,11.28170698,12.59239883,12.85255677,12.28898044,12.07729785
34,13.45311666,11.41861219,11.53100809,12.19991499,13.13670994,9.724339901,11.40600149,13.58238237,12.26923454,12.34810915,52.71798784,49.1837377,41.57734689,51.07218104,43.56379543,59.92261496,39.73144121,57.51745251,50.46311131,49.66459496,12.0629689,13.72783774,12.21515221,11.24319946,12.52351524,11.6953282,11.66312439,11.66816714,12.74967575,13.44289311,12.23172171,12.09148371
35,13.35327905,11.47020676,11.53233278,12.457084,13.23966641,9.641699092,11.54693784,13.63405344,12.08678024,12.41779202,63.00849223,59.54422475,50.68518877,61.32272244,53.66480624,73.01489662,47.69909209,68.78604308,60.754654,58.83085374,12.42611512,14.7208144,12.18765823,11.19630732,12.48778007,12.01434348,12.38095238,11.7700974,12.66522293,13.96540897,12.22670211,12.14227131
36,13.44723103,11.4428579,11.40095428,12.28656443,13.42571977,9.875638972,11.67794744,13.61151704,12.07893274,12.30245925,72.76386664,68.87955182,60.86093581,73.11752717,62.1295055,85.98822708,52.53724836,79.98607614,69.56454566,68.87432016,13.1169822,15.36044353,12.19287404,11.12829568,12.8780276,12.1079491,13.47249561,12.64604156,12.78116019,15.1513368,12.46000865,11.60230629
37,13.46672262,11.50518513,11.7067216,12.47719321,13.48134585,9.823860024,11.8302023,13.84878309,12.71062652,12.34831261,80.12550546,79.2085654,69.88682892,83.74303807,72.53182778,98.38606499,63.30764731,88.40619516,77.53621293,80.76630808,13.97061548,15.8689468,12.31775006,11.04087337,13.23801531,12.24122334,14.9953678,13.15611069,12.76264591,16.12682427,12.5654524,11.87245805
38,13.75906004,11.55067267,11.58222593,12.50989112,13.86235188,10.0988276,11.73876555,14.07816434,12.63705243,12.49441411,86.97019404,88.47649566,78.92215818,92.45939829,80.59205005,100,68.73083085,95.91868849,80.05531395,89.79977983,15.07413341,16.28798861,12.25747056,11.05767461,13.67764226,12.33213804,16.94485771,15.58567396,12.84227893,16.99179283,12.39267332,11.82675924
39,12.53931923,11.6147315,11.75707637,12.43533989,13.72592617,10.4653493,11.81876642,13.97170541,12.58458487,12.38073439,90.68652883,94.17584933,86.54840925,98.42457535,86.55244199,100,71.35130377,99.86622924,87.38337119,97.29315851,15.89618143,16.36214745,12.23125048,11.19401846,13.78408484,12.49947865,19.03516031,18.06444394,12.78283477,17.43638259,12.31642852,11.96906778
40,13.65693359,11.64390529,11.57940414,12.39512147,13.79885088,10.3443257,11.94822105,13.89120317,12.46802941,12.40852761,94.80212318,100,96.29886555,100,89.76479308,100,72.82530963,100,90.00544238,100,16.33184851,17.07293812,12.39370456,11.28201216,14.44028,12.87392778,20.5547926,20.28544544,13.01566824,17.9734929,12.39889431,11.934408