Excel Raw Data Export,,,,,,,,,,,,,,,,,,,,,,,,,,
"Copyright (c) 2008 Corbett Life Science, a QIAGEN Company. All rights reserved.",,,,,,,,,,,,,,,,,,,,,,,,,,
File,Run 2024-04-15 jak2 samples group2.rex,,,,,,,,,,,,,,,,,,,,,,,,,
Date,4/15/24,,,,,,,,,,,,,,,,,,,,,,,,,
Time,9:31:36 AM,,,,,,,,,,,,,,,,,,,,,,,,,
,,,,,,,,,,,,,,,,,,,,,,,,,,
,,,,,,,,,,,,,,,,,,,,,,,,,,
Channel Cycling A.g2,,,,,,,,,,,,,,,,,,,,,,,,,,
,,,,,,,,,,,,,,,,,,,,,,,,,,
ID,1,2,3,4,5,6,7,8,9,10,11,12,13,14,15,16,17,18,19,20,21,22,23,24,25,26
Page 1, JAK2 WT, JAK2 WT, JAK2 WT, JAK2 WT, JAK2 WT, JAK2 WT, JAK2 WT, JAK2 WT, JAK2 MUT, JAK2 MUT, JAK2 MUT, JAK2 MUT, JAK2 MUT, JAK2 MUT, JAK2 MUT, JAK2 MUT, JAK2 NTC, JAK2 NTC, JAK2 NTC, JAK2 NTC, JAK2 NTC, JAK2 NTC, JAK2 NTC, JAK2 NTC, PCR NTC, PCR NTC
1,13.26830642,12.62062802,12.74814984,12.3861002,12.78640639,12.87920137,13.68335182,13.37524478,12.39935403,12.66215436,13.17354958,13.01726813,12.61986507,12.79479885,13.28475878,13.77690136,12.84657053,12.45241093,12.21942473,13.20935378,12.64785112,12.64787627,13.125302,12.76295109,13.71650433,13.86337627
2,13.51257598,12.93736172,12.84529895,12.8067797,13.0551105,13.08073783,13.76028077,13.67452506,12.7191577,12.77027543,13.5144669,13.33649413,12.81816528,12.99012272,13.53725926,13.90147758,13.10597391,12.80384527,12.52068142,13.46972551,12.88460071,12.93888762,13.45498935,13.05972733,13.87252177,14.08207446
3,13.66913354,12.96226166,13.01518273,12.87584878,13.37770187,13.35093207,13.74296871,13.79219392,12.95631812,13.12057897,13.60189212,13.61979604,13.10953435,13.00632076,13.56810428,14.39759925,13.02113375,12.70959837,12.74708171,13.45540551,13.11687321,12.92070395,13.3618895,13.08297638,13.9750842,14.00422166
4,13.76461869,13.1715877,13.25999466,13.10052426,13.51131892,13.57970785,14.02437629,13.8868837,13.09300374,13.21644923,13.78672974,13.86953536,13.40396081,13.3229572,13.83344778,14.34184569,13.38368811,12.90041308,12.89049472,13.79012305,13.3611517,12.95960467,13.67788205,13.22593329,14.02690076,14.49912261
5,13.9403563,13.13883949,13.40246844,13.16665786,13.61163442,13.82490859,14.41301813,14.05900882,13.44858981,13.35992763,13.84181089,13.92441235,13.66923527,13.52691946,13.94914386,14.40381241,13.61604139,13.14545663,12.84175807,13.90096895,13.36702056,13.44385225,13.65295898,13.27186127,14.11132546,14.23347691
6,13.94115104,13.38030932,13.34258412,13.42597739,13.7987335,13.75315989,14.33497913,14.14460466,13.51938441,13.65431776,14.12963629,13.95462984,13.82820249,13.71709773,14.1435874,14.47450472,13.6921551,13.27851823,13.23491264,13.9155099,13.57524752,13.41196816,13.7799649,13.32014518,14.2183566,14.27918924
7,14.13681621,13.57554487,13.73399165,13.5429269,13.88799878,13.97697795,14.56036215,14.31683598,13.7915735,13.70145724,14.31939313,14.37946644,14.14478632,13.82434686,14.31841219,14.75732706,13.69120826,13.38134839,13.35131718,14.24320701,13.59566135,13.4113578,14.04633656,13.63132023,14.40134749,14.59481847
8,14.11882083,13.68407285,13.64777091,13.65224689,13.93641683,14.07263294,14.60479133,14.36425633,14.01856514,14.00876304,14.39416233,14.56307178,14.20876522,13.85777418,14.31699528,14.96366445,13.91887287,13.81224863,13.53529739,14.39091071,13.77370871,13.76392386,13.95308438,13.81439943,14.41049312,14.56811518
9,14.40715232,13.71306499,13.86927713,13.70164797,14.15982736,14.22939005,14.71122301,14.50936795,14.17726624,14.15208885,14.41977569,14.36818112,14.32952948,14.14053559,14.42272577,15.02746624,13.94547443,13.86526284,13.59578851,14.40928511,13.9977291,13.91254037,14.24070017,13.69872822,14.5022834,14.4648988
10,14.2137789,13.82963302,13.86223451,14.0790926,14.25497826,14.29935658,14.70010572,14.59536344,14.21203501,14.34826174,14.79647008,14.55710689,14.5170813,14.44813204,14.46555276,15.08252588,14.11195036,13.88391475,13.87431652,14.59858369,13.91851682,14.04908319,14.2325257,13.78089218,14.64133669,14.58337421
11,14.4665337,14.07348565,14.12887334,14.08994607,14.60755703,14.50237786,15.03493226,14.92003686,14.42692836,14.61487319,15.09503827,14.97110323,14.96541288,14.57480735,14.7806007,15.42948697,14.24817038,14.28254622,14.19658707,14.82576104,14.40184634,14.36789502,14.21133745,13.83268482,14.78211877,14.76412095
12,14.4804303,14.35639989,14.06162465,14.23961024,14.71198596,14.56120775,15.15338251,14.93775013,14.62152176,15.02952621,15.28086137,15.18447068,15.0058175,14.82881921,14.72332124,15.20704585,14.49337113,14.48681366,14.37674525,14.86326826,14.4382039,14.42717045,14.36496059,14.11225554,14.82108797,14.66697185
13,14.73451845,14.50064851,14.33966583,14.45202309,14.68032349,14.77930172,15.25095641,15.11111111,14.6771082,14.93165719,15.2046763,15.26185572,15.33672553,15.13324396,15.03188046,15.60293677,14.63680593,14.37035994,14.77887134,15.01170836,14.63253005,14.46108404,14.27012828,14.08607262,14.84560413,14.73164662
14,14.8424506,14.44160783,14.49291,14.55100328,14.80748201,15.06696167,15.22478447,15.20236006,14.7628857,15.16027423,15.52483406,15.52115009,15.29757636,14.92419536,15.20485237,15.76826632,14.61193038,14.64077719,14.66180726,15.01668956,14.52025048,14.44818095,14.57236591,14.27929732,14.9966841,14.74214796
15,14.9264926,14.6411405,14.55934488,14.94211109,15.02728822,14.94916838,15.32839958,15.30050736,15.16158214,15.41018158,15.65952036,15.83396004,15.53924293,15.39846588,14.97989079,15.93709468,14.91187915,15.06499756,14.8017962,15.14152743,14.77448926,14.7483533,14.4804303,14.27990132,15.0822207,14.99615981
16,15.047391,14.85735749,14.65530959,14.88181888,15.14047103,15.33553499,15.53019651,15.46534567,15.4456906,15.73510338,15.97995199,15.88606597,15.99053941,15.43175402,15.44306918,16.23603527,14.99738053,15.17169334,14.9858854,15.3895374,14.89147021,14.99457131,14.85303019,14.54119391,15.45039546,14.9828336
17,14.91426973,15.17729076,14.92495104,15.10032807,15.19155522,15.47083619,15.7472016,15.47123968,15.65774014,15.97126609,16.08392462,16.02624552,16.13852844,15.65848129,15.35700662,16.04824031,15.0894433,15.31418913,15.41684378,15.32578012,15.08786653,14.90392266,14.90704712,14.61579544,15.29400027,15.04789252
18,15.15287633,15.04234379,14.95302764,15.22132314,15.71472169,15.61096034,15.67531576,15.72300516,15.74324152,16.40456753,16.32735688,16.04943923,16.16779202,15.98451903,15.5956594,16.1894701,15.09610249,15.68464688,15.34787635,15.54394945,15.20726838,15.0417569,15.0640116,14.64713512,15.29226477,14.97465912
19,15.15802625,15.30054823,14.9657217,15.40896722,15.42414631,15.62391597,15.77924555,15.72472724,15.97495613,16.36377508,16.54068437,16.27946899,16.5133135,16.23895628,15.76071674,16.5317417,15.3203123,15.62015208,15.57771747,15.58959771,15.34676127,15.35951346,15.00033061,14.77022456,15.44019735,15.26482033
20,15.2979324,15.58796281,15.01792935,15.53727465,15.73144121,15.76540344,16.04778617,15.89684901,16.16446878,16.53620203,16.58873666,16.64254567,16.66710264,16.34945508,16.01739528,16.80120038,15.48037308,15.72246019,15.74073014,15.77477684,15.40441858,15.27624279,15.08936065,14.87246001,15.36172685,15.11111111
21,15.22678721,15.59515635,15.24071107,15.61589227,15.70194044,15.96813044,16.16464485,16.08333606,16.69402391,16.94183769,16.85318278,17.11017601,17.33211261,16.92600068,16.42633707,16.83604181,15.78583963,15.46138,16.15873198,15.82278407,15.40365563,15.56666725,15.08058671,14.851824,15.66850865,15.20195315
22,15.51931538,15.79786882,15.27803699,15.44101116,16.2158643,16.18382762,16.16350042,16.23047663,16.74124514,17.74798635,17.73381726,18.02935601,17.9868655,17.56433313,17.25138065,17.67060131,15.78240635,15.58918898,15.68342616,16.1254569,15.56839857,15.76523995,15.40257408,15.05476899,15.74994625,15.2387492
23,15.66480289,16.00518807,15.46396963,15.80753287,16.08168663,16.19821469,16.40955215,16.44194822,18.1672961,18.68707016,18.64372727,19.21503232,18.31610825,19.17519118,18.37306129,18.91344865,15.93532355,15.60054655,15.78109843,16.03173877,15.82471545,15.67951694,15.3363734,15.25620485,15.76714733,15.36082137
24,15.58230971,16.19821469,15.52801665,15.91887922,16.35745349,16.37740647,16.51667048,16.59453844,20.4971898,20.81502251,20.49973297,21.90423056,20.69275959,20.73759764,20.37041276,20.6115598,15.51303375,15.75886386,15.53546451,16.01129168,15.56989904,15.81317871,15.54751914,15.13288065,16.04462677,15.4305769
25,15.71810047,16.47774824,15.78515297,16.06262739,16.5824486,16.83006536,16.61707485,16.78250807,24.42925808,24.87929024,24.10055695,24.86818286,24.73475712,23.80309322,24.42500736,24.22967371,15.74654765,15.97924773,15.92268762,16.64486806,15.93438621,15.87101767,15.65303164,15.37814399,16.03069243,15.54033286
26,15.92104546,16.51560235,16.13524188,15.94371601,16.63855485,16.84530622,17.07087816,16.93083848,30.7583147,32.06263828,30.63401236,33.45855268,31.64263371,30.83097112,31.41433526,31.39827137,15.84637686,16.20304672,15.60788128,16.52235153,16.13326212,15.70916304,15.83560947,15.59112361,15.98903894,15.47987081
27,16.05249104,16.50843061,16.00834886,16.01902291,16.79168165,16.94338316,16.99740597,17.24324962,42.56384266,43.66216526,41.00838659,45.95076422,43.75916904,41.81551843,43.31853208,42.79730569,15.38821495,16.39775184,15.91973754,16.77072146,16.01861601,15.90112154,15.96932937,15.22915781,16.03450719,15.56420233
28,16.12553089,17.01279215,16.22328309,16.16866306,16.55592976,16.4123692,17.23010605,17.39514624,55.96335292,58.50297257,55.14065548,60.71168078,57.82192721,56.64271,58.93233798,58.12302293,15.4239147,16.48063376,16.0731494,15.90670869,16.4894077,15.59519722,15.78757094,15.32269363,16.10066595,15.41313802
29,16.28102423,17.17128252,16.34559141,16.50286694,16.41707267,16.84016175,17.49731696,17.29867628,71.18867781,74.49922433,71.79805774,78.31400524,72.22847115,71.47554742,77.00112535,74.63165811,15.69030725,16.77565968,15.87111213,16.21329765,16.44268602,15.60418097,15.70728501,15.37596149,16.22916871,15.58922713
30,16.26898963,17.28427558,16.48656533,16.47411688,16.66447954,17.07731042,16.95765621,17.39164627,86.68192569,88.04547189,86.78873884,95.65599122,86.86697601,87.85839628,94.27918924,92.80537118,15.96563199,16.54402228,16.33842163,15.87595589,16.41674569,15.80237023,15.80519315,15.58932886,16.3401236,15.53241271
31,16.51425251,17.80763759,16.62176155,16.68726635,16.84606917,17.21541924,17.19550915,17.52132448,99.88142842,100,100,100,100,100,100,100,15.95086595,16.78352534,16.3894611,15.83797462,16.22088524,16.03319927,15.94905667,15.85401476,16.58099816,15.6350042
32,16.65339132,17.53449419,16.88204327,16.80981537,17.08532336,16.24882378,17.38612955,17.49084459,100,100,100,100,100,100,100,100,16.28421018,16.9515744,16.07576104,16.03774065,16.35941536,16.17392742,16.11102028,15.78498864,16.65334437,15.6816968
33,16.87698685,17.8956635,16.8153404,17.14475957,17.15877012,17.01956089,17.6603151,17.47132575,100,100,100,100,100,100,100,100,16.22766461,17.09141244,16.52148797,16.0752842,16.42353958,16.22993166,16.22390071,15.89062803,16.68980952,15.74473564
34,16.66071565,16.8673228,17.02268739,17.2823682,17.34531167,17.03953177,17.54353223,17.72071828,100,100,100,100,100,100,100,100,16.44344897,17.0842189,16.56988925,16.10777565,16.10502567,16.32671746,16.26611734,16.04932185,16.80343837,15.84954604
35,16.93010278,16.9953896,17.06739551,17.38601217,17.48792902,17.30945296,17.83452681,17.49822467,100,100,100,100,100,100,100,100,16.74513325,17.16599273,16.6582742,16.17022026,16.13722947,16.56879094,16.67772946,16.21916651,16.82873928,15.9922179
36,17.13893339,17.30230666,17.28213345,17.47168906,17.42089832,17.41828249,17.85788764,17.38187882,100,100,100,100,100,100,100,100,17.08182106,17.22276265,17.20924227,16.31240304,16.23548192,16.70579516,17.32324058,16.16286463,16.93833594,15.93845528
37,17.30700062,17.51822908,17.2905846,17.81185626,17.65001526,17.6640472,18.32870113,17.66038504,100,100,100,100,100,100,100,100,17.44825557,17.29823758,17.05897612,16.79827573,16.26602197,16.91747412,18.28848271,16.29843872,17.02786951,15.95603222
38,17.13415223,17.65436136,17.56958994,18.03956782,17.83114802,17.72478447,18.45262619,17.78937463,100,100,100,100,100,100,100,100,17.82007266,17.57792372,17.16639963,17.08145775,16.24160754,17.25102852,19.18491391,15.95412903,17.20126063,15.96246281
39,17.5897788,17.84002676,17.83576206,18.11834461,18.16802726,18.02301765,18.4726809,18.00529371,100,100,100,100,100,100,100,100,18.01887032,17.80774806,17.44763515,17.33501183,16.12960778,16.87638285,20.161237,16.19897765,17.2193367,16.00976577
40,17.45995974,17.89364462,17.47839577,18.52738701,18.23453117,17.96925894,18.41208079,17.648483,100,100,100,100,100,100,100,100,18.12303131,17.8138908,17.55005504,17.54083256,16.00366217,16.80715866,20.81821055,16.42132339,17.25764858,16.01845168
41,17.68041069,17.05853009,17.46994518,18.51224537,18.50939701,18.27485858,18.75650709,17.68520638,100,100,100,100,100,100,100,100,18.59352509,18.15548943,15.80682078,17.81795987,16.16954953,17.18741013,21.75295644,16.54383154,17.44400484,16.15014878
42,17.76073854,17.2059641,17.70094224,17.88803399,18.57546131,18.33605453,18.85219457,17.76525755,100,100,100,100,100,100,100,100,18.8666068,18.20075786,16.54408586,18.18515733,16.23091986,17.30776357,21.96806169,16.45925296,17.48108762,16.13768724
43,17.85470868,17.39340693,17.88717043,16.10026351,18.81799802,18.43169953,19.20086322,17.93501837,100,100,100,100,100,100,100,100,18.74822165,18.27490889,16.67009995,18.02973329,16.40955215,17.30614684,22.44214777,16.61740182,17.67241228,16.1029548
44,18.13066082,17.70786016,17.83838348,17.06416419,18.79972534,18.6277053,19.29411765,17.99935149,100,100,100,100,100,100,100,100,18.93151634,17.83028446,15.94033722,18.04050683,16.6286717,17.2168634,23.01507373,16.8386081,17.8882531,16.36748084
45,18.09165123,17.83840696,18.23994118,17.01239251,19.38920315,18.73524507,19.51082119,18.23956664,100,100,100,100,100,100,100,100,19.37416212,17.94046802,16.39569187,18.21352067,16.51298652,17.32420335,22.72611963,15.89356245,17.65440223,16.22860558
,,,,,,,,,,,,,,,,,,,,,,,,,,
,,,,,,,,,,,,,,,,,,,,,,,,,,
,,,,,,,,,,,,,,,,,,,,,,,,,,
Channel Cycling A.Green,,,,,,,,,,,,,,,,,,,,,,,,,,
,,,,,,,,,,,,,,,,,,,,,,,,,,
ID,1,2,3,4,5,6,7,8,9,10,11,12,13,14,15,16,17,18,19,20,21,22,23,24,25,26
Page 1, JAK2 WT, JAK2 WT, JAK2 WT, JAK2 WT, JAK2 WT, JAK2 WT, JAK2 WT, JAK2 WT, JAK2 MUT, JAK2 MUT, JAK2 MUT, JAK2 MUT, JAK2 MUT, JAK2 MUT, JAK2 MUT, JAK2 MUT, JAK2 NTC, JAK2 NTC, JAK2 NTC, JAK2 NTC, JAK2 NTC, JAK2 NTC, JAK2 NTC, JAK2 NTC, PCR NTC, PCR NTC
1,5.523257293,5.139674547,5.354390784,5.115434501,5.40234771,5.432593271,5.853157346,5.518014449,5.100378932,5.142072393,5.379786156,5.360971237,5.254189873,5.128652628,5.558861677,5.878385595,5.400040691,5.018946619,4.960835177,5.44180318,5.240838229,5.153441203,5.47707332,5.18420781,5.661860075,5.830345108
2,5.639734493,5.172299789,5.410849165,5.19533792,5.539569914,5.503577067,5.887134101,5.74929427,5.257750312,5.176841164,5.50109538,5.46026492,5.267414359,5.253027281,5.57161386,5.860131991,5.446842504,5.105058366,5.029577071,5.526230846,5.305997886,5.189038474,5.590578644,5.25652959,5.697827769,5.834236159
3,5.67716996,5.285521731,5.482852674,5.253681239,5.565292265,5.606858237,5.869910969,5.667302459,5.323545761,5.231651026,5.563439384,5.529869535,5.337840614,5.329060807,5.632213975,5.875867857,5.522131031,5.174436052,5.140328505,5.564529314,5.442071471,5.294880598,5.592329798,5.351556965,5.785240166,5.834815219
4,5.779831388,5.304239465,5.521259087,5.35214681,5.650960773,5.622339208,5.93946528,5.808092368,5.441367208,5.340188155,5.540332865,5.67613816,5.417657036,5.392773092,5.713359274,5.965808053,5.562294957,5.273924875,5.154732351,5.675033697,5.475318532,5.327276675,5.668374503,5.380331121,5.80103133,5.943171043
5,5.850563312,5.342183566,5.630865187,5.375166529,5.781643397,5.733988298,6.024770479,5.891290368,5.479718217,5.370698863,5.734457806,5.656621144,5.515432153,5.445240652,5.708972305,5.959737981,5.629874817,5.323465833,5.251138069,5.673891227,5.551450152,5.372146736,5.72091249,5.365580733,5.887439282,5.912761992
6,5.881045025,5.496577124,5.685511559,5.408560311,5.810025177,5.756575004,6.046196689,5.862897688,5.508710358,5.458973772,5.65356934,5.638208591,5.547417411,5.473880663,5.779405407,6.031237398,5.631048588,5.348505161,5.315607436,5.732407619,5.576627538,5.449214705,5.72376084,5.414759289,5.901172402,6.003814755
7,5.934691386,5.508397912,5.673781186,5.485211465,5.869206707,5.855322674,6.207839616,5.973437564,5.648780913,5.605946659,5.779136557,5.734231436,5.626001373,5.590524147,5.911345083,6.12527657,5.710470959,5.421421487,5.441367208,5.816856524,5.668726635,5.49336526,5.784577824,5.439950299,5.971442154,6.059005464
8,6.015411612,5.618371862,5.779136557,5.58683655,5.840676738,5.866875933,6.104562448,6.021755006,5.700116623,5.688054729,5.907236885,5.856666921,5.780785077,5.692596105,5.875268395,6.118009461,5.688915494,5.467307546,5.476939803,5.789817873,5.676559599,5.539597162,5.787460899,5.516899367,5.965565474,5.963577889
9,6.064153288,5.591719437,5.793263729,5.620813306,5.961917841,5.927591453,6.165625783,6.019887592,5.705551741,5.752928692,5.873807889,5.84471402,5.816739147,5.662505649,5.894254978,6.186821291,5.794907008,5.530378169,5.508913812,5.874832423,5.73187551,5.492230615,5.827185708,5.526272766,5.928638641,6.038112342
10,6.044810661,5.620954158,5.85112281,5.665258675,6.006277998,6.04649642,6.19087129,6.075052589,5.821861819,5.765210604,5.949492638,5.893842087,5.901070675,5.799300265,5.942880395,6.234938074,5.824775565,5.558040037,5.573492386,5.984690115,5.794554877,5.674219883,5.810838992,5.560184126,6.022329035,6.111950357
11,6.069848173,5.738918135,5.908075292,5.765185452,6.02203168,6.040694638,6.277016643,6.172941939,5.929303778,5.898629231,6.016021973,6.055034206,5.954547189,5.889791714,5.993743801,6.315382184,5.902596577,5.688766817,5.725654524,6.081919149,5.830002758,5.67858631,5.890796267,5.667772946,6.079804685,6.086941212
12,6.131074998,5.782951313,5.922848038,5.747838794,6.117995836,6.12319117,6.272983902,6.259454236,5.974765393,5.919444102,6.028294586,6.051837077,6.013173622,5.779681522,6.031773979,6.318760967,5.957529056,5.673891227,5.756466011,6.05554284,5.895029667,5.70678443,5.97238117,5.654557543,6.137413361,6.092520536
13,6.13738206,5.777620564,5.937997508,5.780989439,6.14960381,6.142646423,6.368880985,6.264383362,6.018158236,6.017504278,6.122777905,6.167696651,6.132804354,5.98835228,6.101378594,6.388857099,6.001918277,5.745566709,5.736152438,6.054881615,5.951890484,5.705886841,5.964097701,5.734340429,6.118772412,6.129294779
14,6.178072786,5.881971466,6.064850843,5.867311905,6.165843769,6.247653925,6.37867806,6.210294753,6.109167402,6.058921623,6.19843268,6.284486857,6.118322816,6.055390249,6.175208785,6.456746123,6.065343827,5.851725904,5.838101778,6.057628239,6.002594034,5.830562026,6.019785865,5.752365148,6.144481139,6.206893263
15,6.20161863,5.947614604,5.980392157,5.997851999,6.223296712,6.245165531,6.445410849,6.347317137,6.143975808,6.217816669,6.334606875,6.256743943,6.166552224,6.176382555,6.146803528,6.5127853,6.102434988,5.961917841,5.883442871,6.125323521,6.069835457,5.844532365,6.05720338,5.80652734,6.233310445,6.159558506
16,6.231360681,5.977503842,6.090420604,6.020665075,6.327564249,6.364756019,6.490601029,6.39189528,6.214764864,6.253655807,6.32708407,6.335952799,6.326172492,6.156361377,6.254876529,6.566465756,6.172492343,5.962638872,5.981318597,6.152001657,6.058499275,5.903950326,6.106787722,5.824259665,6.234836347,6.18814374
17,6.273797716,6.015106432,6.115706983,6.093639531,6.356673768,6.327480409,6.567592017,6.442795017,6.232293177,6.291294728,6.434620541,6.380712596,6.356673768,6.216198542,6.233637424,6.647651578,6.190839501,6.099794003,6.087804772,6.303374787,6.119579868,5.989801887,6.076333257,5.8057057,6.264209964,6.204890517
18,6.30827039,6.092055499,6.221204954,6.129835203,6.346931469,6.428498767,6.471468563,6.512550546,6.368998363,6.406064371,6.509607734,6.339142661,6.469825284,6.396146007,6.363666089,6.634270589,6.274925959,6.136960621,6.163001567,6.310177768,6.232771891,5.953352272,6.133408731,5.90654939,6.356791145,6.25326455
19,6.359960327,6.09390838,6.165734776,6.23114875,6.44294593,6.516306612,6.551989248,6.479362173,6.424048219,6.491540046,6.532387274,6.475694139,6.582633053,6.411751242,6.359578851,6.780052937,6.29475344,6.156379543,6.232801811,6.358027517,6.214084077,6.088114983,6.162737469,5.880954198,6.286004934,6.219475598
20,6.373489993,6.152202875,6.202410925,6.256785863,6.474620977,6.487627476,6.536964981,6.571079794,6.572412862,6.655087762,6.684309911,6.600747692,6.662441091,6.573041668,6.489662013,6.817349508,6.350804913,6.274764121,6.252057243,6.411732008,6.194106496,6.081292439,6.165189811,5.959970499,6.323974467,6.184391816
21,6.405483075,6.249156352,6.235381312,6.335736629,6.467027797,6.56354111,6.639200427,6.577577454,6.713751649,6.749472292,6.743438621,6.712570891,6.865440859,6.633401999,6.638081432,6.883889743,6.429388876,6.162247,6.320083416,6.434831261,6.315709163,6.094758526,6.240634775,5.953816027,6.368570775,6.25303818
22,6.513095511,6.336181684,6.395056077,6.226157778,6.618818734,6.628620839,6.623229318,6.6552224,6.711135816,7.000948239,6.897840848,7.00358587,7.091689115,6.866677231,6.862745098,7.051663527,6.519199119,6.128677152,6.144263153,6.494239719,6.379924214,6.166875011,6.303311208,6.003133968,6.364890164,6.235071101
23,6.472524957,6.357417156,6.386154981,6.322575723,6.60624094,6.694539813,6.706950484,6.716040502,7.233757316,7.182421607,7.217165226,7.466544594,7.255547535,7.333016415,7.26100557,7.52994583,6.503512509,6.208082195,6.23385541,6.566770937,6.36463976,6.201743343,6.278578876,6.034180209,6.361104753,6.259141789
24,6.453650721,6.429770352,6.444495308,6.365809618,6.680399786,6.768030169,6.742961776,6.791681653,8.012512398,7.922811148,7.965796316,8.308986218,7.906716513,7.932620519,8.056327589,8.172145242,6.325500369,6.270368069,6.174345224,6.548282088,6.411942728,6.305136841,6.340505074,6.033417258,6.433555763,6.361813208
25,6.562701864,6.479997965,6.539444572,6.514788535,6.788856219,6.770545393,6.851887717,6.81326227,9.204547189,9.282825971,9.027364513,9.362363622,9.248970016,8.999662122,9.30124579,9.435198204,6.42339426,6.343175402,6.275054769,6.624348313,6.454362809,6.196561634,6.407263294,6.127921467,6.519827925,6.294346532
26,6.593219908,6.597179428,6.576536711,6.358786556,6.800183108,6.868390936,6.842145418,6.927977417,11.39075812,11.51369497,11.18900478,11.87619211,11.54507134,11.10948348,11.64914422,11.51333893,6.495648244,6.378858038,6.283338238,6.712729839,6.531166552,6.272983902,6.469238399,6.187126472,6.563450283,6.417232522
27,6.688498806,6.62053747,6.662206337,6.46934844,6.858812965,6.90966659,6.951775622,6.914919215,14.78807299,15.16441596,14.32433745,15.72998071,15.26131075,14.55358558,15.18643255,14.98250662,6.319582607,6.405192427,6.23025864,6.658274205,6.605249104,6.271864907,6.447699702,6.076033526,6.470683604,6.405635665
28,6.669827464,6.699219247,6.667840438,6.46317671,6.718220362,6.730754559,7.014470639,7.044872424,19.1653315,19.62342914,18.7175379,20.56183719,19.43684037,19.16482287,20.19958801,19.83914448,6.44726373,6.468844347,6.397873127,6.475056949,6.676056834,6.212761629,6.565143308,6.133923349,6.616638873,6.414078991
29,6.695440822,6.792612286,6.695440822,6.58661549,6.823020778,6.874666209,7.006942855,7.00836703,23.87872599,24.37170977,23.72625315,25.81663015,23.9648661,23.9391165,25.37651637,24.95053534,6.415873742,6.597899341,6.320185143,6.504803657,6.683568968,6.185898484,6.409898944,6.162297304,6.543940533,6.380846113
30,6.771517946,6.77129996,6.80085069,6.53889779,6.818398566,6.853698678,6.961292948,7.041384647,28.57506167,28.96162356,28.63896461,31.31227588,28.60873325,28.6708302,30.85570415,30.47236845,6.515367596,6.501773861,6.398761839,6.461541815,6.699473564,6.293407516,6.373884184,6.128568159,6.676040066,6.409225169
31,6.827473282,6.858695588,6.846150912,6.686176416,6.869729035,7.077243349,7.0322474,7.070812761,32.8405843,33.47131849,33.19987558,36.6214178,33.0342565,33.91378653,36.43936593,35.03562982,6.520943008,6.576638437,6.416091729,6.507871112,6.609953969,6.295981428,6.453752448,6.194835911,6.647033392,6.486508481
32,6.896021503,6.97239207,6.833207991,6.759543247,6.886513959,6.634622721,7.06301976,7.13603418,37.16986759,38.12868904,37.57076371,41.84303553,35.4571712,38.55911236,41.11942532,40.00366217,6.561731547,6.5918077,6.392658231,6.52487514,6.596123035,6.395056077,6.563617405,6.288370082,6.701965871,6.449225605
33,6.88123199,7.011411569,6.880598154,6.732483914,6.95865895,6.886631336,7.095772161,7.042343786,40.71374075,42.42900153,41.54507134,45.47341115,40.95750362,43.36156252,43.57507984,44.61823835,6.638546469,6.624958673,6.451514458,6.402685588,6.635385672,6.428625925,6.5689072,6.353348084,6.721716523,6.463636903
34,6.943236439,6.692200097,6.939599705,6.831573096,7.03052498,6.988741022,7.085069047,7.08923258,44.57607167,46.45476972,45.24866756,50.13493335,43.57333595,47.55485912,47.67188408,49.21292791,6.69120826,6.732934419,6.575816798,6.47222313,6.572178108,6.354365352,6.612606132,6.342236386,6.751412927,6.494112561
35,7.092158623,6.707161763,7.025864042,6.923999172,7.105268177,7.038441836,7.271025661,7.088251643,47.42829531,49.95721605,48.55764096,54.78141451,46.44451326,51.8907454,51.07824063,52.80138035,6.852944111,6.729991608,6.560507471,6.611429007,6.562333104,6.568454053,6.718547341,6.405620015,6.772240024,6.477251342
36,7.023320872,6.753760469,6.984969863,7.005162636,7.126290205,7.066780019,7.290878039,7.086289769,50.25907639,53.29736564,51.27859704,59.20007512,49.14872264,55.22250924,55.04245278,56.46882758,6.929121843,6.781218324,6.672261641,6.601815824,6.57399354,6.604574185,6.988733755,6.409225169,6.861546175,6.49334961
37,7.090867475,6.930765123,7.058714536,7.01653424,7.14081534,7.179369802,7.335844136,7.114845938,53.05655815,53.08809905,53.59609369,63.09245877,51.07358118,58.12466621,58.29127565,59.63302052,7.076117088,6.882523138,6.735097511,6.744370301,6.658215516,6.670532286,7.235523003,6.43731183,6.826232439,6.478871704
38,7.126726177,6.879148547,7.159767828,7.179260809,7.3120143,7.138715408,7.338935574,7.201277398,55.522567,58.26934948,58.53055619,66.55745567,52.87861448,61.58421345,61.12535286,62.06595419,7.190051118,6.820313279,6.80572722,6.866668847,6.560088268,6.663892299,7.615123871,6.374933242,6.961601761,6.580780172
39,7.158922713,6.97805244,7.127387401,7.170432375,7.316599273,7.240787366,7.49797818,7.24469749,57.6988305,60.91808448,60.60413989,69.74163702,54.02198473,64.50770581,64.00527526,64.55573358,7.162584878,6.939517052,6.822919051,6.954626208,6.556910702,6.574063478,7.992675669,6.414892805,6.948086628,6.581216144
40,7.115717882,6.620508125,7.158159762,7.154853641,7.385249221,7.241830065,7.528684027,7.057842592,59.78342362,62.77409018,61.88337021,72.69356416,54.90653849,67.11915535,66.20141909,66.47907607,7.297216402,6.895904126,6.887731746,7.148969136,6.503613118,6.66656494,8.061223891,6.430386581,6.943617914,6.548027771
41,7.236062938,6.7644334,7.231352204,7.234738253,7.430228122,7.300679026,7.504925523,7.092809533,61.55311411,64.50716294,62.9153315,75.9115994,57.36215109,69.70702678,68.57485822,68.00807341,7.441120716,7.019022914,6.343997042,7.22948982,6.496117753,6.699378195,8.371099413,6.504634928,6.984054322,6.652806388
42,7.272354467,6.800359174,7.131113146,7.014063732,7.523351753,7.437951535,7.614134549,7.198619645,55.24540615,66.0060684,63.89656731,76.52974629,57.86417291,69.47809059,70.63172351,69.79875698,7.491976298,7.065690089,6.511569608,7.257317973,6.547755289,6.826276036,8.479540195,6.490828879,6.996144163,6.592406093
43,7.270313573,6.883853412,7.234200554,6.316530803,7.622186618,7.505694885,7.750493193,7.197375448,60.63054974,67.48713254,64.43232971,79.35181855,57.86345083,73.94535883,70.5850745,70.67086877,7.423187174,7.15902444,6.584980036,7.18455787,6.584921907,6.664950027,8.625489106,6.602388037,6.981111511,6.590473284
44,7.37679807,6.930925182,7.259043695,6.778057527,7.584496834,7.531649755,7.704407314,7.245746548,60.82527833,68.58330154,64.70092317,69.79084241,58.28194313,75.37661173,71.52274139,72.00383655,7.564914422,6.862921164,6.274764121,7.23268101,6.670004578,6.70239073,8.73660385,6.641974795,7.142389114,6.627345341
45,7.335679408,6.890058747,7.322804608,6.778889837,7.622233569,7.524223697,7.718216729,7.278436068,62.07816141,68.88641838,64.60103107,79.47559828,59.57667114,72.36482141,72.97725316,73.16965489,7.631271605,7.031153836,6.483253223,7.329009944,6.715026028,6.756218051,8.83907454,6.262411579,7.092276,6.651026169